balanced_dataset	rows	unique_rows	positive_rows	folds
0	382	382	152	10
1	382	382	152	10
2	382	382	152	10
3	382	382	152	10
4	382	382	152	10
5	382	382	152	10
6	382	382	152	10
7	382	382	152	10
8	382	382	152	10
9	382	382	152	10
10	382	382	152	10
11	382	382	152	10
12	382	382	152	10
13	382	382	152	10
14	382	382	152	10
15	382	382	152	10
16	382	382	152	10
17	382	382	152	10
18	382	382	152	10
19	382	382	152	10
20	382	382	152	10
21	382	382	152	10
22	382	382	152	10
23	382	382	152	10
24	383	383	152	10
25	380	380	152	10
26	380	380	152	10
27	380	380	152	10
28	380	380	152	10
29	380	380	152	10
30	380	380	152	10
31	380	380	152	10
32	380	380	152	10
33	380	380	152	10
34	380	380	152	10
35	380	380	152	10
36	380	380	152	10
37	380	380	152	10
38	380	380	152	10
39	380	380	152	10
40	380	380	152	10
41	380	380	152	10
42	380	380	152	10
43	380	380	152	10
44	380	380	152	10
45	380	380	152	10
46	380	380	152	10
47	380	380	152	10
48	380	380	152	10
49	380	380	152	10
50	380	380	152	10
51	380	380	152	10
52	380	380	152	10
53	380	380	152	10
54	380	380	152	10
55	380	380	152	10
56	380	380	152	10
57	380	380	152	10
58	380	380	152	10
59	380	380	152	10
60	380	380	152	10
61	380	380	152	10
62	380	380	152	10
63	380	380	152	10
64	380	380	152	10
65	380	380	152	10
66	380	380	152	10
67	380	380	152	10
68	380	380	152	10
69	380	380	152	10
70	380	380	152	10
71	380	380	152	10
72	380	380	152	10
73	380	380	152	10
74	380	380	152	10
75	380	380	152	10
76	380	380	152	10
77	380	380	152	10
78	380	380	152	10
