iteration	iter_random_state	balanced_datasets	train_test_splits	unique_unlabelled_rows_tested	total_unlabelled_occurrences	unique_positive_genes_seen	min_balanced_dataset_rows	max_balanced_dataset_rows	TMSB15B_cross_fold_leakage_splits
1	59277560	79	790	18063	18063	190	380	383	0
2	310884033	79	790	18063	18063	190	380	383	0
3	155982105	79	790	18063	18063	190	380	383	0
4	578780880	79	790	18063	18063	190	380	383	0
5	533473255	79	790	18063	18063	190	380	383	0
6	771481680	79	790	18063	18063	190	380	383	0
7	663220608	79	790	18063	18063	190	380	383	0
8	350896430	79	790	18063	18063	190	380	383	0
9	380619278	79	790	18063	18063	190	380	383	0
10	584047929	79	790	18063	18063	190	380	383	0
